{"composition": [
    {"menu_id": 1,
    "ingredient_id": 1,
    "min_quantity": 100,
    "max_quantity": 300,
    "default_quantity": 200,
    "unit": "gr"},
    {"menu_id": 1,
    "ingredient_id": 2,
    "min_quantity": 20,
    "max_quantity": 40,
    "default_quantity": 30,
    "unit": "ml"},
    {"menu_id": 1,
    "ingredient_id": 3,
    "min_quantity": 3,
    "max_quantity": 7,
    "default_quantity": 5,
    "unit": "clove"},
    {"menu_id": 1,
    "ingredient_id": 4,
    "min_quantity": 1,
    "max_quantity": 3,
    "default_quantity": 2,
    "unit": "gr"},
    {"menu_id": 1,
    "ingredient_id": 5,
    "min_quantity": 3,
    "max_quantity": 7,
    "default_quantity": 5,
    "unit": "gr"}
]}