{
  "menu_items": [
    {
      "menu_id": 1,
      "menu_name": "Spaghetti Aglio e Olio",
      "price": 12000,
      "duration": 30,
      "calories": 200,
      "level": "Mudah",
      "description": "Spaghetti with garlic and oil."
    },
    {
      "menu_id": 2,
      "menu_name": "Eat-The-Rainbow Salad",
      "price": 14000,
      "duration": 10,
      "calories": 100,
      "level": "Mudah",
      "description": "Lorem ipsum"
    },
    {
      "menu_id": 3,
      "menu_name": "Italian Sub Salad",
      "price": 20000,
      "duration": 20,
      "calories": 150,
      "level": "Medium",
      "description": "Lorem ipsum"
    },
    {
      "menu_id": 4,
      "menu_name": "Beetroot & Halloumi Salad",
      "price": 16000,
      "duration": 15,
      "calories": 120,
      "level": "Mudah",
      "description": "Lorem ipsum"
    }
  ]
}
