{
    "order": [
        {
            "order_id": 1,
            "customer_id": 1,
            "menu_id": 1
        },
        {
            "order_id": 2,
            "customer_id": 2,
            "menu_id": 1
        },
        {
            "order_id": 3,
            "customer_id": 3,
            "menu_id": 1
        },
        {
            "order_id": 4,
            "customer_id": 3,
            "menu_id": 2,
            "menu_quantity": 10
        },
        {
            "order_id": 5,
            "customer_id": 3,
            "menu_id": 4,
            "menu_quantity": 20
        }
    ]
}